ts_iso,elapsed_s,raw-air-quality,weather-stream,enriched-readings,pollution-alerts,critical-alerts
2026-05-31T13:19:04+00:00,0,32251,4198,62482,871,203
2026-05-31T13:19:34+00:00,30,32260,4198,62489,874,203
2026-05-31T13:20:04+00:00,60,32398,4298,62842,874,203
2026-05-31T13:20:34+00:00,90,33048,4298,64120,886,203
2026-05-31T13:21:04+00:00,120,33138,4338,64312,886,203
2026-05-31T13:21:34+00:00,150,33325,4398,64564,892,215
2026-05-31T13:22:04+00:00,180,33971,4398,64568,895,219
2026-05-31T13:22:34+00:00,210,34057,4498,66045,908,219
2026-05-31T13:23:04+00:00,240,34235,4498,67348,925,219
2026-05-31T13:23:34+00:00,270,34874,4501,67368,929,219
2026-05-31T13:24:04+00:00,300,34919,4598,67847,929,219
2026-05-31T13:24:34+00:00,330,34974,4598,68046,940,219
2026-05-31T13:25:04+00:00,360,35613,4660,68253,940,219
2026-05-31T13:25:34+00:00,390,35627,4698,69617,953,219
2026-05-31T13:26:04+00:00,420,35660,4698,69627,957,219
2026-05-31T13:26:34+00:00,450,36288,4798,70831,970,232
2026-05-31T13:27:04+00:00,480,36297,4798,71447,977,236
2026-05-31T13:27:34+00:00,510,36330,4822,71565,979,236
2026-05-31T13:28:04+00:00,540,36330,4898,71820,979,236
2026-05-31T13:28:34+00:00,570,36962,4898,73056,994,236
2026-05-31T13:29:04+00:00,600,36973,4981,73413,994,236
2026-05-31T13:29:34+00:00,630,37000,4998,73639,998,236
2026-05-31T13:30:04+00:00,660,37632,4998,73639,998,236
2026-05-31T13:30:34+00:00,690,37643,5023,74822,1009,236
2026-05-31T13:31:04+00:00,720,37726,5098,76301,1026,242
2026-05-31T13:31:34+00:00,750,38372,5098,76314,1030,243
2026-05-31T13:32:04+00:00,780,38411,5177,76648,1030,243
2026-05-31T13:32:34+00:00,810,38455,5198,76861,1034,243
2026-05-31T13:33:04+00:00,840,39073,5198,76861,1034,243
2026-05-31T13:33:34+00:00,870,39114,5298,78420,1049,243
2026-05-31T13:34:04+00:00,900,39156,5298,78428,1049,243
2026-05-31T13:34:34+00:00,930,39761,5346,79268,1060,243
2026-05-31T13:35:04+00:00,960,39799,5398,79518,1064,243
2026-05-31T13:35:34+00:00,990,39831,5398,80156,1068,243
2026-05-31T13:36:04+00:00,1020,40473,5498,81237,1082,247
2026-05-31T13:36:34+00:00,1050,40547,5498,81750,1086,250
2026-05-31T13:37:04+00:00,1080,40556,5503,81798,1086,250
2026-05-31T13:37:34+00:00,1110,40585,5598,82221,1092,250
2026-05-31T13:38:04+00:00,1140,41215,5598,82227,1092,250
2026-05-31T13:38:34+00:00,1170,41244,5660,83545,1107,250
2026-05-31T13:39:05+00:00,1200,41316,5698,83689,1107,250
2026-05-31T13:39:34+00:00,1230,41909,5698,84952,1120,250
2026-05-31T13:40:04+00:00,1260,41932,5752,85223,1124,250
2026-05-31T13:40:34+00:00,1290,41977,5798,85547,1128,250
2026-05-31T13:41:05+00:00,1320,42581,5798,85551,1128,250
2026-05-31T13:41:35+00:00,1350,42618,5812,86691,1139,254
2026-05-31T13:42:05+00:00,1380,42658,5898,87764,1155,257
2026-05-31T13:42:35+00:00,1410,43251,5898,87775,1159,257
2026-05-31T13:43:05+00:00,1440,43265,5950,88005,1159,257
2026-05-31T13:43:35+00:00,1470,43294,5998,88740,1161,257
2026-05-31T13:44:05+00:00,1500,43347,5998,88745,1161,257
2026-05-31T13:44:35+00:00,1530,43935,6079,90242,1174,257
2026-05-31T13:45:05+00:00,1560,43964,6098,90350,1178,257
2026-05-31T13:45:35+00:00,1590,44294,6098,90510,1180,257
2026-05-31T13:46:05+00:00,1620,44680,6198,90863,1182,257
2026-05-31T13:46:35+00:00,1650,45249,6198,91982,1197,264
2026-05-31T13:47:05+00:00,1680,45585,6227,92090,1197,264
2026-05-31T13:47:35+00:00,1710,46414,6298,93537,1213,264
2026-05-31T13:48:05+00:00,1740,46700,6298,93543,1213,264
2026-05-31T13:48:35+00:00,1770,47163,6395,94617,1220,264
2026-05-31T13:49:05+00:00,1800,47664,6398,95795,1235,264
2026-05-31T13:49:35+00:00,1830,48086,6398,95806,1239,264
2026-05-31T13:50:05+00:00,1860,48092,6498,96395,1239,264
2026-05-31T13:50:39+00:00,1895,48211,6498,97046,1244,264
2026-05-31T13:51:05+00:00,1920,48638,6519,97161,1244,264
2026-05-31T13:51:35+00:00,1950,48863,6598,98454,1254,277
2026-05-31T13:52:05+00:00,1980,49184,6598,98465,1259,281
2026-05-31T13:52:35+00:00,2010,49444,6612,99474,1273,281
2026-05-31T13:53:29+00:00,2064,,,99593,1273,281
2026-05-31T13:53:35+00:00,2071,50043,6695,99593,1273,281
2026-05-31T13:54:05+00:00,2100,50303,6695,100668,1278,281
2026-05-31T13:54:35+00:00,2130,50369,6695,102968,1302,281
2026-05-31T13:55:05+00:00,2160,50588,6795,103436,1306,281
2026-05-31T13:55:35+00:00,2190,51074,6795,103990,1318,281
2026-05-31T13:56:05+00:00,2220,51228,6843,104181,1318,281
2026-05-31T13:56:35+00:00,2250,51346,6895,105143,1326,294
2026-05-31T13:57:05+00:00,2280,51572,6895,105143,1326,294
2026-05-31T13:57:35+00:00,2310,51832,6995,106636,1340,294
2026-05-31T13:58:05+00:00,2340,52016,6995,106644,1340,294
2026-05-31T13:58:35+00:00,2370,52242,7001,107389,1345,294
2026-05-31T13:59:05+00:00,2400,52502,7095,107797,1349,294
2026-05-31T13:59:35+00:00,2430,52686,7095,108747,1364,294
2026-05-31T14:00:05+00:00,2460,52912,7114,109160,1372,294
2026-05-31T14:00:35+00:00,2490,53173,7123,109619,1376,294
2026-05-31T14:01:05+00:00,2520,53237,7154,109732,1376,294
2026-05-31T14:01:35+00:00,2550,53355,7194,110403,1384,307
2026-05-31T14:02:05+00:00,2580,53842,7194,110407,1384,307
2026-05-31T14:02:35+00:00,2610,53906,7235,111412,1394,307
2026-05-31T14:03:05+00:00,2640,54024,7294,111644,1398,307
2026-05-31T14:03:35+00:00,2670,54511,7294,112391,1413,307
2026-05-31T14:04:05+00:00,2700,54575,7394,113137,1418,307
2026-05-31T14:04:35+00:00,2730,54693,7394,113476,1421,307
2026-05-31T14:05:05+00:00,2760,55180,7401,114142,1429,307
2026-05-31T14:05:35+00:00,2790,55180,7494,114510,1433,307
2026-05-31T14:06:05+00:00,2820,55362,7494,114515,1433,307
2026-05-31T14:06:35+00:00,2850,55590,7549,115350,1440,320
2026-05-31T14:07:05+00:00,2880,55851,7594,115549,1444,324
2026-05-31T14:07:35+00:00,2910,56033,7594,116510,1459,324
2026-05-31T14:08:05+00:00,2940,56261,7693,116899,1459,324
2026-05-31T14:08:35+00:00,2970,56522,7694,117751,1471,324
2026-05-31T14:09:10+00:00,3005,56586,7694,117751,1471,324
2026-05-31T14:09:38+00:00,3033,56930,7754,118659,1482,324
2026-05-31T14:10:59+00:00,3114,,7797,118867,1482,324
2026-05-31T14:10:59+00:00,3114,57189,7798,118867,1482,324
2026-05-31T14:11:33+00:00,3149,57599,7894,119379,1482,324
2026-05-31T14:12:02+00:00,3178,57858,7894,119379,1482,324
2026-05-31T14:12:29+00:00,3204,57858,7906,119379,1482,324
2026-05-31T14:13:29+00:00,3264,58268,7916,119379,,
2026-05-31T14:14:14+00:00,3310,,,,,0
2026-05-31T14:14:32+00:00,3328,0,0,119379,1482,324
2026-05-31T14:14:45+00:00,3340,58937,7940,119379,1482,324
2026-05-31T14:15:15+00:00,3370,58937,7974,119379,1482,324
2026-05-31T14:15:44+00:00,3400,58959,7974,123702,1521,337
2026-05-31T14:16:14+00:00,3430,59045,7983,124555,1538,342
2026-05-31T14:16:44+00:00,3460,59712,8069,124944,1542,343
2026-05-31T14:17:15+00:00,3491,59765,8074,125007,1542,343
2026-05-31T14:17:45+00:00,3520,59820,8074,125011,1542,343
2026-05-31T14:18:20+00:00,3556,60421,8151,125711,1542,343
2026-05-31T14:18:45+00:00,3580,60442,8174,126185,1553,343
